Date,COURS_CLOTURE,COURS_AJUSTE,EVOLUTION,QUANTITE_ECHANGE,VOLUME
2021-2-12,697.9,697.9,0.27,433,302106.7
2021-2-11,696,696,0,110,76570
2021-2-10,696,696,1.44,1263,878654
2021-2-9,686.1,686.1,-0.92,595,409863.4
2021-2-8,692.5,692.5,-0.06,3000,2070524.3
2021-2-5,692.9,692.9,0.13,543,375155.1
2021-2-4,692,692,0.29,1165,800301
2021-2-3,690,690,1.47,529,363325.2
2021-2-2,680,680,-0.29,427,290918.2
2021-2-1,682,682,-1.87,4240,2903661.5
2021-1-29,695,695,0.72,14,9744
2021-1-28,690,690,-1,587,400561.4
2021-1-27,697,697,0.81,1148,796526.3
2021-1-26,691.4,691.4,3.99,3998,2757420.5
2021-1-25,664.9,664.9,3.09,992,658191.9
2021-1-22,645,645,1.74,4188,2705472
2021-1-21,634,634,1.12,665,419697.1
2021-1-20,627,627,1.46,2673,1657462
2021-1-19,618,618,-0.16,365,226214.6
2021-1-18,619,619,0.65,108,66717
2021-1-15,615,615,0,2492,1540266.1
2021-1-14,615,615,2.84,2513,1522648.3
2021-1-13,598,598,1.36,936,555645.3
2021-1-12,590,590,-1.17,618,364088.2
2021-1-8,597,597,2.93,1415,835370.3
2021-1-7,580,580,0,1216,706851.2
2021-1-6,580,580,0,747,433260
2021-1-5,580,580,-1.19,424,246133.2
2021-1-4,587,587,1.21,120,70440
2020-12-31,580,580,0.69,140,80366
2020-12-30,576,576,-0.69,100,57894.5
2020-12-29,580,580,-0.03,129,74824
2020-12-28,580.2,580.2,-1.66,62,35722
2020-12-25,590,590,0,2915,1712620
2020-12-24,590,590,0,103,60746
2020-12-23,590,590,0.14,2603,1539299.7
2020-12-22,589.2,589.2,2.97,1271,742019
2020-12-21,572.2,572.2,-3.99,1513,866486.4
2020-12-18,596,596,3.47,2945,1728706
2020-12-17,576,576,2.13,9090,5161161.1
2020-12-16,564,564,0,12029,6852582.4
2020-12-15,564,564,-2.25,12352,7034469.4
2020-12-14,577,577,1.23,182,102433.5
2020-12-11,570,570,0.35,2393,1348631.2
2020-12-10,568,568,-0.14,384,217730.1
2020-12-9,568.8,568.8,-0.99,3526,2006560.9
2020-12-8,574.5,574.5,0,632,363004.5
2020-12-7,574.5,574.5,0.97,748,428673.4
2020-12-4,569,569,2.52,2061,1167318.8
2020-12-3,555,555,0.91,6636,3649998.9
2020-12-2,550,550,-0.36,677,370579
2020-12-1,552,552,0.38,22815,12241816.8
2020-11-30,549.9,549.9,0.35,1707,938018.9
2020-11-27,548,548,2.43,1184,646997.9
2020-11-26,535,535,0,0,0
2020-11-25,535,535,0.06,750,395430
2020-11-24,534.7,534.7,0.87,177,94601.2
2020-11-23,530.1,530.1,-1.47,441,235208
2020-11-20,538,538,1.51,882,474634.5
2020-11-19,530,530,0,169,89500.4
2020-11-17,530,530,-0.54,716,378126.9
2020-11-16,532.9,532.9,0.17,20,10502.7
2020-11-13,532,532,0.09,447,236542
2020-11-12,531.5,531.5,-0.08,10,5305
2020-11-11,531.9,531.9,-0.21,17,8723.9
2020-11-10,533,533,0.78,1620,861410
2020-11-9,528.9,528.9,-0.17,4451,2352824.6
2020-11-5,529.8,529.8,1.88,3377,1787369
2020-11-4,520,520,0,384,199658.8
2020-11-3,520,520,-0.95,151,78214.2
2020-11-2,525,525,0,0,0
2020-10-28,525,525,0.96,259,135327.7
2020-10-27,520,520,0,70,36405
2020-10-26,520,520,-1.52,155,81350
2020-10-23,528,528,0.19,640,335182.6
2020-10-22,527,527,0.38,109,56736.5
2020-10-21,525,525,-0.74,340,179294
2020-10-20,528.9,528.9,0.17,263,138712.4
2020-10-19,528,528,0.57,2,1056
2020-10-16,525,525,-0.57,189,99252.2
2020-10-15,528,528,0,10,5280
2020-10-14,528,528,-0.38,4537,2399710
2020-10-13,530,530,0,0,0
2020-10-12,530,530,0,234,123175.2
2020-10-9,530,530,0.02,2457,1282282.2
2020-10-8,529.9,529.9,-0.95,519,275041.1
2020-10-7,535,535,0.94,582,310800
2020-10-6,530,530,0.38,2306,1221839.2
2020-10-5,528,528,-0.38,3040,1605120
2020-10-2,530,530,0,0,0
2020-10-1,530,530,0,0,0
2020-9-30,530,530,0,40,21300
2020-9-29,530,530,-0.77,562,296953.8
2020-9-28,534.1,534.1,2.93,3746,2012544.5
2020-9-25,518.9,518.9,0.17,504,261490
2020-9-24,518,518,-0.35,202,104790
2020-9-23,519.8,519.8,1.19,555,288782.1
2020-9-22,513.7,513.7,3.99,8987,4576941.95
2020-9-21,494,494,-0.2,572,282681
2020-9-18,495,495,1.02,1751,867102.95
2020-9-17,490,490,0,12,5880
2020-9-16,490,490,-1.01,5,2459
2020-9-15,495,495,0,2,990
2020-9-14,495,495,0,178,88114.2
2020-9-11,495,495,-0.99,918,455659.2
2020-9-10,499.95,499.95,2.03,136,67944.65
2020-9-9,490,490,3.38,910,440353.65
2020-9-8,474,474,0,0,0
2020-9-7,474,474,0.85,104,48417.5
2020-9-4,470,470,-0.43,205,96509
2020-9-3,472.05,472.05,0.39,130,61343.45
2020-9-2,470.2,470.2,-0.28,193,91010
2020-9-1,471.5,471.5,0.32,1233,579815.3
2020-8-31,470,470,-0.42,963,452896.9
2020-8-28,472,472,1.07,22,10360.5
2020-8-27,467,467,-3.29,1310,614057.7
2020-8-26,482.9,482.9,-0.02,3625,1711370.2
2020-8-25,483,483,0.21,150,72450
2020-8-24,482,482,0,370,179190
2020-8-19,482,482,2.55,248,117067.25
2020-8-18,470,470,0,128,60160.5
2020-8-17,470,470,-1.47,458,215526.3
2020-8-13,477,477,0.46,179,84170.3
2020-8-12,474.8,474.8,-0.04,487,228962.1
2020-8-11,475,475,-2.06,987,469949.75
2020-8-10,485,485,0.21,301,143318.35
2020-8-7,484,484,-1.92,650,312860.7
2020-8-6,493.45,493.45,1.95,82,39735.25
2020-8-5,484,484,0.81,354,170984
2020-8-4,480.1,480.1,-2.7,834,403072
2020-8-3,493.4,493.4,-0.12,446,214225.9
2020-7-29,494,494,1.02,14,6909
2020-7-28,489,489,0.49,1014,492845.9
2020-7-27,486.6,486.6,-2.09,1540,755504.4
2020-7-24,497,497,-0.2,468,233914.05
2020-7-23,498,498,-2.16,1100,553395.4
2020-7-22,509,509,3.46,791,395794.9
2020-7-21,492,492,-1.4,426,209667.9
2020-7-20,499,499,1.22,170,83887
2020-7-17,493,493,-0.4,274,134585.15
2020-7-16,495,495,0,4611,2280314.35
2020-7-15,495,495,-1.36,137,68254.7
2020-7-14,501.8,501.8,2.41,1127,564865.2
2020-7-13,520,520,0.39,2791,1445351.4
2020-7-10,518,518,-2.81,12469,6473071
2020-7-9,533,533,-1.11,969,512733.6
2020-7-8,539,539,2.45,790,425241.6
2020-7-7,526.1,526.1,-0.74,2344,1245375.7
2020-7-6,530,530,0.02,147,77917
2020-7-3,529.9,529.9,-1.69,1585,839326.5
2020-7-2,539,539,1.3,697,371224.8
2020-7-1,532.1,532.1,-1.46,521,277406.4
2020-6-30,540,540,-2.7,3142,1697613.6
2020-6-29,555,555,2.76,796,435351.5
2020-6-26,540.1,540.1,-1.8,732,396111
2020-6-25,550,550,-0.9,1020,564371.5
2020-6-24,555,555,0,1824,1019560
2020-6-23,555,555,1.63,934,514782.5
2020-6-22,546.1,546.1,4,3593,1951233.6
2020-6-19,525.1,525.1,3.98,115225,57646621.4
2020-6-18,505,505,0,417,211526
2020-6-17,505,505,2.85,5833,2924816.4
2020-6-16,491,491,-0.81,14,6914
2020-6-15,495,495,0,751,370554
2020-6-12,495,495,-0.77,215,106344.4
2020-6-11,498.85,498.85,0.98,6842,3384558.25
2020-6-10,494,494,-1.2,1039,517654
2020-6-9,500,500,0.2,2946,1480140.5
2020-6-8,499,499,2.78,981,489494.25
2020-6-5,485.5,485.5,-2.51,846,414856.1
2020-6-4,498,498,0.63,870,433270
2020-6-3,494.9,494.9,-0.01,4211,2083937.15
2020-6-2,494.95,494.95,3.01,989,477022.95
2020-6-1,480.5,480.5,0.52,234,112575.3
2020-5-29,478,478,-2.25,790,379735.6
2020-5-28,489,489,-1.91,632,313196.35
2020-5-27,498.5,498.5,1.73,12865,6306216.4
2020-5-26,490,490,0.7,13412,6751607.5
2020-5-22,486.6,486.6,4,1165,566889
2020-5-21,467.9,467.9,3.99,5973,2785826.45
2020-5-20,449.95,449.95,1.11,26,11685.3
2020-5-19,445,445,-1.98,35,15555
2020-5-18,454,454,3.45,29,13183
2020-5-15,438.85,438.85,3.99,917,402425.45
2020-5-14,422,422,3.43,110,46012.05
2020-5-13,408,408,-0.24,135,55268
2020-5-12,409,409,-3.08,165,67135
2020-5-11,422,422,0,0,0
2020-5-8,422,422,0.48,15,6330
2020-5-7,420,420,-1.18,673,278382.3
2020-5-6,425,425,1.19,9,3850.05
2020-5-5,420,420,-3.23,171,72774
2020-5-4,434,434,1.93,7,3068
2020-4-30,425.8,425.8,1.87,397,168887.8
2020-4-29,418,418,3.47,31,12790.15
2020-4-28,404,404,3.59,816,326018
2020-4-27,390,390,-2.5,148,57780.25
2020-4-24,400,400,0,51,20400
2020-4-23,400,400,0.05,19,7599.6
2020-4-22,399.8,399.8,2.51,10,3995.95
2020-4-21,390,390,0,38,14820
2020-4-20,390,390,0,2,780
2020-4-17,390,390,-1.92,40,15600
2020-4-16,397.65,397.65,-2.3,33,13124.8
2020-4-15,407,407,2.34,4,1628
2020-4-14,397.7,397.7,0,804,313665.8
2020-4-13,397.7,397.7,0.4,408,162789.95
2020-4-10,396.1,396.1,0,0,0
2020-4-9,396.1,396.1,-3.39,48,19295.5
2020-4-8,410,410,0,0,0
2020-4-7,410,410,0,154,63140
2020-4-6,410,410,0,41,16810
2020-4-3,410,410,-3.98,237,99223.3
2020-4-2,427,427,0.95,2,862
2020-4-1,423,423,2.17,5,2115.3
2020-3-31,414,414,1.5,29,11930.1
2020-3-30,407.9,407.9,-0.51,509,205041.4
2020-3-27,410,410,0,30,12253
2020-3-26,410,410,1.37,54,22128.9
2020-3-25,404.45,404.45,3.99,1191,481699.95
2020-3-24,388.95,388.95,4,2646,1029161.7
2020-3-23,374,374,3.95,22364,8364136
2020-3-20,359.8,359.8,3.99,481,173063.8
2020-3-19,346,346,4,2065,691322.2
2020-3-18,332.7,332.7,-4,135,44914.5
2020-3-17,346.55,346.55,-3.99,91,31536.05
2020-3-16,360.95,360.95,-9.99,187,69536.45
2020-3-13,401,401,-6.21,502,202498
2020-3-12,427.55,427.55,-9.99,686,293299.3
2020-3-11,475,475,5.09,151,69925
2020-3-10,452,452,8.92,739,313922
2020-3-9,415,415,-8.52,5714,2451843
2020-3-6,453.65,453.65,-9.99,7609,3453250.65
2020-3-5,504,504,0,0,0
2020-3-4,504,504,0.8,55,27270.45
2020-3-3,500,500,0,125,61949.8
2020-3-2,500,500,0,325,162552
2020-2-28,500,500,-3.66,2116,1059154.4
2020-2-27,519,519,3.8,1062,546819.1
2020-2-26,500,500,0,624,312016
2020-2-25,500,500,0,54,27000
2020-2-24,500,500,-1.96,151,75606
2020-2-21,510,510,0.24,22555,11278485.1
2020-2-20,508.8,508.8,0.75,15659,7829654.2
2020-2-19,505,505,2.19,41,20663
2020-2-18,494.2,494.2,-3.55,532,265880.8
2020-2-17,512.4,512.4,2.48,5,2479.4
2020-2-14,500,500,0,66,32697.1
2020-2-13,500,500,0.39,3891,1945509
2020-2-12,498.05,498.05,-0.39,100,49805
2020-2-11,500,500,0,2004,1001994
2020-2-10,500,500,-1.96,12442,6221000
2020-2-7,510,510,2,49,24366
2020-2-6,500,500,0.58,1680,840684.7
2020-2-5,497.1,497.1,-0.14,50,24855
2020-2-4,497.8,497.8,-0.44,18,8938.7
2020-2-3,500,500,-0.99,195,97741
2020-1-31,505,505,-2.88,100,50500
2020-1-30,520,520,0,0,0
2020-1-29,520,520,0,0,0
2020-1-28,520,520,0,0,0
2020-1-27,520,520,1.56,91,46380
2020-1-24,512,512,-1.54,237,121387
2020-1-23,520,520,-0.93,500,260000
2020-1-22,524.9,524.9,0.94,84,43877.9
2020-1-21,520,520,0,167,86840
2020-1-20,520,520,2.36,421,214683
2020-1-17,508,508,0.59,112,56677
2020-1-16,505,505,-0.84,456,230152
2020-1-15,509.3,509.3,1.86,596,295195.7
2020-1-14,500,500,-1.86,711,355477.4
2020-1-13,509.5,509.5,1.9,104,52988.5
2020-1-10,500,500,1.01,705,353323.3
2020-1-9,495,495,5.32,973,478207.85
2020-1-8,470,470,-2.08,206,96869.45
2020-1-7,480,480,2.78,5,2396
2020-1-6,467,467,0,0,0
2020-1-3,467,467,0,1300,607100
2020-1-2,467,467,-0.64,153,71918
2019-12-31,470,470,3.07,501,235484.5
2019-12-30,456,456,0,0,0
2019-12-27,456,456,-5,1834,836304
2019-12-26,480,480,-0.83,326,155177
2019-12-25,484,484,0.83,131,61912.8
2019-12-24,480,480,-0.83,120,57721.5
2019-12-23,484,484,-1.22,51,24697.9
2019-12-20,490,490,-0.31,3646,1795965.35
2019-12-19,491.5,491.5,2.82,47,22910
2019-12-18,478,478,-2.25,7,3346
2019-12-17,489,489,-0.19,24,11549.1
2019-12-16,489.95,489.95,-0.01,35,17148.25
2019-12-13,490,490,2.12,1826,894738
2019-12-12,479.85,479.85,0,0,0
2019-12-11,479.85,479.85,0.58,853,413815.05
2019-12-10,477.1,477.1,-3.22,2074,989185.5
2019-12-9,492.95,492.95,-0.01,125,60097.95
2019-12-6,493,493,-0.1,12,5921.7
2019-12-5,493.5,493.5,1.57,917,447452.6
2019-12-4,485.85,485.85,-0.64,120,57306.8
2019-12-3,489,489,0.2,90,43975
2019-12-2,488,488,0.21,163,78282
2019-11-29,487,487,0.41,368,178611.2
2019-11-28,485,485,-2.41,1141,550927.05
2019-11-27,497,497,2.47,3,1491
2019-11-26,485,485,4.53,1831,867300.1
2019-11-25,464,464,0,0,0
2019-11-22,464,464,0,0,0
2019-11-21,464,464,0.43,336,152302.85
2019-11-20,462,462,-0.65,116,53115.6
2019-11-19,465,465,1.53,311,141419.8
2019-11-15,458,458,2.23,11,5035
2019-11-14,448,448,-0.44,160,71880
2019-11-13,450,450,-2.17,207,93116
2019-11-12,460,460,-0.65,100,46000
2019-11-8,463,463,1.76,198,89609
2019-11-7,455,455,0,70,31765
2019-11-5,455,455,0,0,0
2019-11-4,455,455,0,0,0
2019-11-1,455,455,-0.22,1494,679603
2019-10-31,456,456,-0.44,16,7320
2019-10-30,458,458,0,2,916
2019-10-29,458,458,-2.35,1003,461507
2019-10-28,469,469,-0.21,12,5628
2019-10-25,470,470,0,703,326959.7
2019-10-24,470,470,2.17,93,42985
2019-10-23,460,460,2,68,30625.9
2019-10-22,451,451,-1.96,27,12287
2019-10-21,460,460,-0.65,72,33138.75
2019-10-18,463,463,4.04,2498,1151504.55
2019-10-17,445,445,2.3,45,19960.1
2019-10-16,435,435,0,4,1728.05
2019-10-15,435,435,2.35,8,3482.05
2019-10-14,425,425,-2.3,27,11613
2019-10-11,435,435,4.32,1321,561386
2019-10-10,417,417,-1.88,229,92298
2019-10-9,425,425,-3.41,1324,570552.3
2019-10-8,440,440,-2.44,890,391597
2019-10-7,451,451,-1.96,3511,1626608.7
2019-10-4,460,460,2.22,1745,791635
2019-10-3,450,450,0,11221,4947684.6
2019-10-2,450,450,2.27,279,125575
2019-10-1,440,440,3.53,9225,4054009.1
2019-9-30,425,425,-2.14,276,117267
2019-9-27,434.3,434.3,9.95,5278,2271014.45
2019-9-26,395,395,2.86,18505,7271833
2019-9-25,384,384,3.78,8142,3120642.5
2019-9-24,370,370,6.29,2787,1009751.1
2019-9-23,348.1,348.1,1.44,750,263060
2019-9-20,343.15,343.15,-0.97,851,294537.25
2019-9-19,346.5,346.5,2.7,1078,370873.1
2019-9-18,337.4,337.4,2.24,100,33740
2019-9-17,330,330,0,0,0
2019-9-16,330,330,0,0,0
2019-9-13,330,330,0,5,1650
2019-9-12,330,330,0,0,0
2019-9-11,330,330,-2.65,160,52800
2019-9-10,339,339,0,0,0
2019-9-9,339,339,-1.51,464,146509
2019-9-6,344.2,344.2,-0.23,22,7075.6
2019-9-5,345,345,-0.29,21,7229.55
2019-9-4,346,346,4.2,343,113780.6
2019-9-3,332.05,332.05,0.02,100,33205
2019-9-2,332,332,-3.77,446,150163
2019-8-30,345,345,3.54,665,232105.1
2019-8-29,333.2,333.2,9.99,2778,897632.85
2019-8-28,302.95,302.95,0,18,5337.1
2019-8-27,302.95,302.95,4.07,69,20380.05
2019-8-26,291.1,291.1,-1.99,206,61673
2019-8-23,297,297,0,0,0
2019-8-22,297,297,0,0,0
2019-8-19,297,297,-2.62,10,2970.05
2019-8-16,305,305,0,0,0
2019-8-15,305,305,0.68,5,1516.8
2019-8-9,302.95,302.95,-0.02,251,73914.95
2019-8-8,303,303,0,0,0
2019-8-7,303,303,1,62,18786
2019-8-6,300,300,0,0,0
2019-8-5,300,300,-0.66,185,55755
2019-8-2,302,302,-0.98,85,25670
2019-8-1,305,305,1.67,5,1525
2019-7-31,300,300,-1.28,59,17734
2019-7-29,303.9,303.9,1.3,5,1519.5
2019-7-26,300,300,0,0,0
2019-7-25,300,300,0,0,0
2019-7-24,300,300,0,56,16800
2019-7-23,300,300,0,10,3000
2019-7-22,300,300,0,0,0
2019-7-19,300,300,0,0,0
2019-7-18,300,300,5.63,15,4380
2019-7-17,284,284,0,0,0
2019-7-16,304,304,-1.81,312,94775.2
2019-7-15,309.6,309.6,-0.13,21,6473.5
2019-7-12,310,310,0.32,252,78115.7
2019-7-11,309,309,0,0,0
2019-7-10,309,309,0,0,0
2019-7-9,309,309,-0.31,550,170440.9
2019-7-8,309.95,309.95,2.97,13,3994.6
2019-7-5,301,301,-0.99,64,19351
2019-7-4,304,304,-1.94,183,55673
2019-7-3,310,310,0.98,2815,866589
2019-7-2,307,307,0,0,0
2019-7-1,307,307,0,0,0
2019-6-28,307,307,0,499,153193.95
2019-6-27,307,307,1.35,5623,1711836.9
2019-6-26,302.9,302.9,0.97,36,10651.6
2019-6-25,300,300,0,48,14400
2019-6-24,300,300,0,46,13800
2019-6-21,300,300,0,107,32100
2019-6-20,300,300,0,4,1200
2019-6-19,300,300,-0.97,15,4502.5
2019-6-18,302.95,302.95,0,0,0
2019-6-17,302.95,302.95,0.03,2,605.85
2019-6-14,302.85,302.85,0,0,0
2019-6-13,302.85,302.85,0,0,0
2019-6-12,302.85,302.85,0.28,26,7817.1
2019-6-11,302,302,0,55,16610
2019-6-10,302,302,0,0,0
2019-6-4,302,302,0,0,0
2019-6-3,302,302,0,0,0
2019-5-31,302,302,0.33,16,4724
2019-5-30,301,301,-0.33,426,128242
2019-5-29,302,302,0,15,4535
2019-5-28,302,302,0.67,5,1510
2019-5-27,300,300,0,0,0
2019-5-24,300,300,0,0,0
2019-5-23,300,300,-0.66,224,67208.9
2019-5-22,302,302,0,0,0
2019-5-21,302,302,0,0,0
2019-5-20,302,302,0,30,9060
2019-5-17,302,302,0,0,0
2019-5-16,302,302,1,3,906
2019-5-15,299,299,-0.99,15,4485
2019-5-14,302,302,0,0,0
2019-5-13,302,302,0,0,0
2019-5-10,302,302,0,0,0
2019-5-9,302,302,0,0,0
2019-5-8,302,302,0,0,0
2019-5-7,302,302,0.67,141,42047.8
2019-5-6,300,300,0,48,14400
2019-5-3,300,300,0,37,11042.4
2019-5-2,300,300,0,0,0
2019-4-30,300,300,0.6,117,35042.4
2019-4-29,298.2,298.2,0.07,22,6594.9
2019-4-26,298,298,0,0,0
2019-4-25,298,298,0,5,1490
2019-4-24,298,298,-1.65,32,9536
2019-4-23,303,303,-0.66,31,9401
2019-4-22,305,305,0,0,0
2019-4-19,305,305,0,0,0
2019-4-18,305,305,0,0,0
2019-4-17,305,305,2.35,5,1525
2019-4-16,298,298,0.85,161,49438
2019-4-15,295.5,295.5,0.37,8,2364
2019-4-12,294.4,294.4,-1.9,29,8537.6
2019-4-11,300.1,300.1,-0.03,212,63641.9
2019-4-10,300.2,300.2,-2.82,237,71433.8
2019-4-9,308.9,308.9,2.9,1100,330707.5
2019-4-8,300.2,300.2,-1.25,16,4803.2
2019-4-5,304,304,1.33,89,26992
2019-4-4,300,300,0,15,4500
2019-4-3,300,300,0,68,20400.3
2019-4-2,300,300,0,40,12000
2019-4-1,300,300,0,15,4500
2019-3-29,300,300,0,20,6000
2019-3-28,300,300,1.69,3777,1131812.55
2019-3-27,295,295,3.15,5383,1582766
2019-3-26,286,286,-1.04,48,13728
2019-3-25,289,289,-2.33,35,10126.05
2019-3-22,295.9,295.9,2.03,58,17130.7
2019-3-21,290,290,0,5,1450
2019-3-20,290,290,0,69,20026.5
2019-3-19,290,290,0,131,38106
2019-3-18,290,290,0,2168,628713
2019-3-15,290,290,0.64,2616,758948
2019-3-14,288.15,288.15,8.33,3226,919443.7
2019-3-13,266,266,-1.12,77,19922
2019-3-12,269,269,0,0,0
2019-3-11,269,269,0,0,0
2019-3-8,269,269,0,0,0
2019-3-7,269,269,0,0,0
2019-3-6,269,269,0,0,0
2019-3-5,269,269,0,0,0
2019-3-4,269,269,0,0,0
2019-3-1,269,269,5.49,14,3696
2019-2-28,255,255,-7.27,48,12208
2019-2-27,275,275,-1.79,936,238985
2019-2-26,280,280,0.02,456,127680
2019-2-25,279.95,279.95,6.85,3,839.85
2019-2-22,262,262,-2.24,2028,531444
2019-2-21,268,268,-4.29,136,36574.2
2019-2-20,280,280,0,0,0
2019-2-19,280,280,0,41,11265.65
2019-2-18,280,280,0,0,0
2019-2-15,280,280,2.53,4,1120
2019-2-14,273.1,273.1,-4.51,186,50796.6
2019-2-13,286,286,0,0,0
2019-2-12,286,286,0,0,0
2019-2-11,286,286,0,0,0
2019-2-8,286,286,0,0,0
2019-2-7,286,286,2.88,51,14313.75
2019-2-6,278,278,0,0,0
2019-2-5,278,278,0,0,0
2019-2-4,278,278,2.96,5,1390
2019-2-1,270,270,0,0,0
2019-1-31,270,270,0,0,0
2019-1-30,270,270,3.85,4,1080
2019-1-29,260,260,-2.64,64,16640
2019-1-28,267.05,267.05,0,0,0
2019-1-25,267.05,267.05,-3.94,148,41062.4
2019-1-24,278,278,0,0,0
2019-1-23,278,278,2.96,5,1390
2019-1-22,270,270,0,0,0
2019-1-21,270,270,2.86,5,1350
2019-1-18,262.5,262.5,0.19,15,3937.5
2019-1-17,262,262,-2.96,16,4192
2019-1-16,270,270,0,34,9037.2
2019-1-15,270,270,1.31,144,38624.4
2019-1-14,266.5,266.5,2.5,86,22645.65
2019-1-10,260,260,2.97,10,2600
2019-1-9,252.5,252.5,0,0,0
2019-1-8,252.5,252.5,-2.88,220,55550
2019-1-7,260,260,0,0,0
2019-1-4,260,260,-2.24,40,10400
2019-1-3,265.95,265.95,0,0,0
2019-1-2,265.95,265.95,0,0,0
2018-12-31,265.95,265.95,7.89,151,37852.95
2018-12-28,246.5,246.5,-7.68,106,26129
2018-12-27,267,267,1.52,8,2136
2018-12-26,263,263,0,28,7364
2018-12-25,263,263,1.17,12,3156
2018-12-24,259.95,259.95,-0.02,12,3119.4
2018-12-21,260,260,1.96,30,7795
2018-12-20,255,255,0,0,0
2018-12-19,255,255,0,0,0
2018-12-18,255,255,0,0,0
2018-12-17,255,255,2,2587,659685
2018-12-14,250,250,1.01,384,96011.6
2018-12-13,247.5,247.5,0.61,6,1485
2018-12-12,246,246,0,0,0
2018-12-11,246,246,0,0,0
2018-12-10,246,246,0,0,0
2018-12-7,246,246,0.33,512,125826.55
2018-12-6,245.2,245.2,-8.16,12,2942.4
2018-12-5,267,267,0,0,0
2018-12-4,267,267,0,0,0
2018-12-3,267,267,1.14,2,534
2018-11-30,264,264,-1.82,273,72072
2018-11-29,268.9,268.9,0,0,0
2018-11-28,268.9,268.9,3.42,10,2689
2018-11-27,260,260,0,85,22100
2018-11-26,260,260,-1.89,340,88400
2018-11-23,265,265,0,90,23850
2018-11-22,265,265,0,19,5035
2018-11-19,265,265,0,0,0
2018-11-16,265,265,5.96,100,26500
2018-11-15,250.1,250.1,0,0,0
2018-11-14,250.1,250.1,-1.92,45,11352.5
2018-11-13,255,255,0,0,0
2018-11-12,255,255,1.07,20,5100
2018-11-9,252.3,252.3,-2.96,94,24122.6
2018-11-8,260,260,0,0,0
2018-11-7,260,260,0,0,0
2018-11-5,260,260,0,0,0
2018-11-2,260,260,0,0,0
2018-11-1,260,260,-0.76,1616,420160
2018-10-31,262,262,-2.96,16,4192
2018-10-30,270,270,0,0,0
2018-10-29,270,270,0,0,0
2018-10-26,270,270,0,0,0
2018-10-25,270,270,0,0,0
2018-10-24,270,270,1.89,2,540
2018-10-23,265,265,0,27,7155
2018-10-22,265,265,0,0,0
2018-10-19,265,265,0,0,0
2018-10-18,265,265,0,50,13250
2018-10-17,265,265,0,0,0
2018-10-16,265,265,-0.38,41,11011
2018-10-15,266,266,0,0,0
2018-10-12,266,266,0,16,4256
2018-10-11,266,266,0,0,0
2018-10-10,266,266,-0.75,32,8501
2018-10-9,268,268,0,0,0
2018-10-8,268,268,0,505,135373
2018-10-5,268,268,-3.25,67,18008
2018-10-4,277,277,0.73,1,277
2018-10-3,275,275,0,0,0
2018-10-2,275,275,0,32,8810.3
2018-10-1,275,275,2.61,4,1100
2018-9-28,268,268,-2.55,10000,2680000
2018-9-27,275,275,0,0,0
2018-9-26,275,275,1.1,10,2750
2018-9-25,272,272,0,0,0
2018-9-24,272,272,0,0,0
2018-9-21,272,272,0,0,0
2018-9-20,272,272,8.37,382,103368.25
2018-9-19,251,251,1.33,5,1255
2018-9-18,247.7,247.7,-2.9,16,3963.8
2018-9-17,255.1,255.1,-7.24,153,38559.9
2018-9-14,275,275,0,176,48400
2018-9-13,275,275,-0.9,150,40532.35
2018-9-12,277.5,277.5,0,0,0
2018-9-10,277.5,277.5,2.78,4,1110
2018-9-7,270,270,0,0,0
2018-9-6,270,270,0.37,8,2210
2018-9-5,269,269,-3.06,40,10771
2018-9-4,277.5,277.5,-0.89,2,555
2018-9-3,280,280,0,0,0
2018-8-31,280,280,0,34,9246.25
2018-8-30,280,280,0,42,11760
2018-8-29,280,280,0,0,0
2018-8-28,280,280,-2.61,60,16800
2018-8-27,287.5,287.5,0,0,0
2018-8-24,287.5,287.5,7.2,8,2300
2018-8-17,268.2,268.2,0,0,0
2018-8-16,268.2,268.2,0.07,2,536.4
2018-8-15,268,268,0,0,0
2018-8-13,268,268,0,0,0
2018-8-10,268,268,-0.19,2,536
2018-8-9,268.5,268.5,0,1958,525723
2018-8-8,268.5,268.5,0,105,28192.5
2018-8-7,268.5,268.5,0,0,0
2018-8-6,268.5,268.5,0,0,0
2018-8-3,268.5,268.5,-0.56,52,13963.4
2018-8-2,270,270,0,0,0
2018-8-1,270,270,-1.82,20,5400
2018-7-31,275,275,0,0,0
2018-7-27,275,275,0.02,132,36170
2018-7-26,274.95,274.95,0,0,0
2018-7-25,274.95,274.95,2.21,5,1374.75
2018-7-24,269,269,0,0,0
2018-7-23,269,269,0,0,0
2018-7-20,269,269,-3.93,3506,941399
2018-7-19,280,280,0,0,0
2018-7-18,280,280,4.24,5,1400
2018-7-17,268.6,268.6,0.04,49,13539.9
2018-7-16,285,285,-2.4,672,191524.4
2018-7-13,292,292,0,0,0
2018-7-12,292,292,2.28,3,876
2018-7-11,285.5,285.5,0,0,0
2018-7-10,285.5,285.5,0,0,0
2018-7-9,285.5,285.5,-1.55,54,15466.5
2018-7-6,290,290,0,0,0
2018-7-5,290,290,0,0,0
2018-7-4,290,290,-0.99,35,10150
2018-7-3,292.9,292.9,-0.34,60,17184
2018-7-2,293.9,293.9,3.12,1,293.9
2018-6-29,285,285,0,303,86356.15
2018-6-28,285,285,0,300,85500
2018-6-27,285,285,-2.4,776,221168.1
2018-6-26,292,292,0,0,0
2018-6-25,292,292,-0.68,49,13979.2
2018-6-22,294,294,0,0,0
2018-6-21,294,294,2.8,2,588
2018-6-20,286,286,-3.05,74,21740
2018-6-19,295,295,0,0,0
2018-6-18,295,295,0,1,295
2018-6-14,295,295,3.51,1,295
2018-6-13,285,285,-4.98,5,1425
2018-6-12,299.95,299.95,0,0,0
2018-6-11,299.95,299.95,4.97,1,299.95
2018-6-8,285.75,285.75,-0.09,12,3429
2018-6-7,286,286,0.35,1325,377636
2018-6-6,285,285,-3.39,439,125215
2018-6-5,295,295,6.48,4114,1172328
2018-6-4,277.05,277.05,0,0,0
2018-6-1,277.05,277.05,-3.8,466,129168.45
2018-5-31,288,288,0,0,0
2018-5-30,288,288,2.49,159,45791.7
2018-5-29,281,281,-1.4,8,2248
2018-5-28,285,285,0,189,53429
2018-5-25,285,285,-1.02,5921,1683703.55
2018-5-24,287.95,287.95,2.62,5,1439.75
2018-5-23,280.6,280.6,0,0,0
2018-5-22,280.6,280.6,-2.55,16,4489.6
2018-5-21,287.95,287.95,0,0,0
2018-5-18,287.95,287.95,2.62,5,1439.75
2018-5-17,280.6,280.6,-2.57,50,14030
2018-5-16,288,288,0,0,0
2018-5-15,288,288,0,0,0
2018-5-14,288,288,0,0,0
2018-5-11,288,288,-0.02,56,16109
2018-5-10,288.05,288.05,-0.07,126,36114.85
2018-5-9,288.25,288.25,0.09,24,6918
2018-5-8,288,288,0,123,35424
2018-5-7,288,288,-0.07,177,51018.5
2018-5-4,288.2,288.2,0,0,0
2018-5-3,288.2,288.2,0.07,660,184832.8
2018-5-2,288,288,0,0,0
2018-4-30,288,288,0,0,0
2018-4-27,288,288,4.31,18,5056.6
2018-4-26,276.1,276.1,-2.44,10,2809.3
2018-4-25,283,283,-0.7,28,7938.2
2018-4-24,285,285,-1.13,2215,631968.5
2018-4-23,288.25,288.25,1.14,52,14641
2018-4-20,285,285,0,717,204344.4
2018-4-19,285,285,0,0,0
2018-4-18,285,285,0,6,1710
2018-4-17,285,285,0,0,0
2018-4-16,285,285,1.06,6,1655
2018-4-13,282,282,0,233,65282
2018-4-12,282,282,-2.42,81,22330
2018-4-11,289,289,3.21,10,2886
2018-4-10,280,280,-0.71,416,116661.3
2018-4-9,282,282,-0.42,146,41190.45
2018-4-6,283.2,283.2,-0.53,42,11883.2
2018-4-5,284.7,284.7,0.28,333,94611.2
2018-4-4,283.9,283.9,0,54,15159
2018-4-3,283.9,283.9,0,517,146327.2
2018-4-2,283.9,283.9,0,0,0
2018-3-30,283.9,283.9,1.03,37,10384.3
2018-3-29,281,281,-1.23,5,1405
2018-3-28,284.5,284.5,0.89,37,10423
2018-3-27,282,282,-2.76,225,63896
2018-3-26,290,290,0.35,20,5793.4
2018-3-23,289,289,0,0,0
2018-3-22,289,289,-0.24,112,32358
2018-3-21,289.7,289.7,0,0,0
2018-3-20,289.7,289.7,0.28,1221,335562.45
2018-3-19,288.9,288.9,0,0,0
2018-3-16,288.9,288.9,-2.07,300,82570.4
2018-3-15,295,295,0,16,4720
2018-3-14,295,295,1.72,152,44310.5
2018-3-13,290,290,1.05,154,44432
2018-3-12,287,287,-1.07,204,58553.4
2018-3-9,290.1,290.1,-2.32,5018,1455716.4
2018-3-8,297,297,-0.13,40,11628
2018-3-7,297.4,297.4,2.55,5,1487
2018-3-6,290,290,0,0,0
2018-3-5,290,290,-1.69,1,290
2018-3-2,295,295,-0.99,37,10786.35
2018-3-1,297.95,297.95,0,0,0
2018-2-28,297.95,297.95,0.02,56,16677.8
2018-2-27,297.9,297.9,2,59,17008.95
2018-2-26,292.05,292.05,-1.83,537,156851
2018-2-23,297.5,297.5,2.23,5,1487.5
2018-2-22,291,291,0,55,16037.5
2018-2-21,291,291,-0.68,226,65931.25
2018-2-20,293,293,-0.68,117,34780.45
2018-2-19,295,295,1.69,28,8212
2018-2-16,290.1,290.1,-2.67,480,142543.5
2018-2-15,298.05,298.05,0.05,46,13710.25
